https://gccpiwars.wordpress.com/about/,https://gccpiwars.wordpress.com/pages/about.html
https://gccpiwars.wordpress.com/contact/,https://gccpiwars.wordpress.com/pages/contact.html
https://gccpiwars.wordpress.com/2017/02/05/first-blog-post/,https://gccpiwars.wordpress.com/posts/2017/02/05/first-blog-post.html
https://gccpiwars.wordpress.com/2017/02/12/how-it-began/,https://gccpiwars.wordpress.com/posts/2017/02/12/how-it-began.html
https://gccpiwars.wordpress.com/2017/02/22/now-and-then/,https://gccpiwars.wordpress.com/posts/2017/02/22/now-and-then.html
https://gccpiwars.wordpress.com/2017/02/23/wiring-it-together/,https://gccpiwars.wordpress.com/posts/2017/02/23/wiring-it-together.html
https://gccpiwars.wordpress.com/2017/02/28/software-part-1/,https://gccpiwars.wordpress.com/posts/2017/02/28/software-part-1.html
https://gccpiwars.wordpress.com/2017/03/01/software-part-2/,https://gccpiwars.wordpress.com/posts/2017/03/01/software-part-2.html
https://gccpiwars.wordpress.com/2017/03/05/driving/,https://gccpiwars.wordpress.com/posts/2017/03/05/driving.html
https://gccpiwars.wordpress.com/?p=553,https://gccpiwars.wordpress.com/posts/553.html
https://gccpiwars.wordpress.com/2017/03/14/distraction/,https://gccpiwars.wordpress.com/posts/2017/03/14/distraction.html
https://gccpiwars.wordpress.com/2017/03/19/minimal-maze/,https://gccpiwars.wordpress.com/posts/2017/03/19/minimal-maze.html
https://gccpiwars.wordpress.com/2017/03/21/the-making-of-the-rovers/,https://gccpiwars.wordpress.com/posts/2017/03/21/the-making-of-the-rovers.html
https://gccpiwars.wordpress.com/2017/04/05/second-place/,https://gccpiwars.wordpress.com/posts/2017/04/05/second-place.html
https://gccpiwars.wordpress.com/2018/01/16/piwars-2017-video/,https://gccpiwars.wordpress.com/posts/2018/01/16/piwars-2017-video.html
https://gccpiwars.wordpress.com/2018/01/20/2018-inaugural-meeting/,https://gccpiwars.wordpress.com/posts/2018/01/20/2018-inaugural-meeting.html
https://gccpiwars.wordpress.com/2018/01/20/in-the-meantime/,https://gccpiwars.wordpress.com/posts/2018/01/20/in-the-meantime.html
https://gccpiwars.wordpress.com/2018/01/20/gcc-rover-m16/,https://gccpiwars.wordpress.com/posts/2018/01/20/gcc-rover-m16.html
https://gccpiwars.wordpress.com/2018/01/20/gcc-rover-open-source/,https://gccpiwars.wordpress.com/posts/2018/01/20/gcc-rover-open-source.html
https://gccpiwars.wordpress.com/2018/01/21/rumbling-about-lipo-batteries/,https://gccpiwars.wordpress.com/posts/2018/01/21/rumbling-about-lipo-batteries.html
https://gccpiwars.wordpress.com/2018/02/10/our-controllers-and-why-indentation-is-important/,https://gccpiwars.wordpress.com/posts/2018/02/10/our-controllers-and-why-indentation-is-important.html
https://gccpiwars.wordpress.com/2018/02/10/prototyping/,https://gccpiwars.wordpress.com/posts/2018/02/10/prototyping.html
https://gccpiwars.wordpress.com/2018/02/11/status-update/,https://gccpiwars.wordpress.com/posts/2018/02/11/status-update.html
https://gccpiwars.wordpress.com/2018/02/19/somewhere-over-the-rainbow/,https://gccpiwars.wordpress.com/posts/2018/02/19/somewhere-over-the-rainbow.html
https://gccpiwars.wordpress.com/2018/02/22/dual-vl53l0x-distance-sensor/,https://gccpiwars.wordpress.com/posts/2018/02/22/dual-vl53l0x-distance-sensor.html
https://gccpiwars.wordpress.com/2018/02/27/one-challenge-down-6-more-to-go/,https://gccpiwars.wordpress.com/posts/2018/02/27/one-challenge-down-6-more-to-go.html
https://gccpiwars.wordpress.com/2018/03/01/this-years-distraction/,https://gccpiwars.wordpress.com/posts/2018/03/01/this-years-distraction.html
https://gccpiwars.wordpress.com/2018/03/30/virtual-pinoon/,https://gccpiwars.wordpress.com/posts/2018/03/30/virtual-pinoon.html
https://gccpiwars.wordpress.com/2018/04/10/light-armoured-mobile-nerf-cannon/,https://gccpiwars.wordpress.com/posts/2018/04/10/light-armoured-mobile-nerf-cannon.html
https://gccpiwars.wordpress.com/2018/04/11/somewhere-over-the-rainbow-analysis/,https://gccpiwars.wordpress.com/posts/2018/04/11/somewhere-over-the-rainbow-analysis.html
https://gccpiwars.wordpress.com/2018/04/15/our-take-on-opencv-for-sotr-challenge/,https://gccpiwars.wordpress.com/posts/2018/04/15/our-take-on-opencv-for-sotr-challenge.html
https://gccpiwars.wordpress.com/2018/04/15/straight-run-challenge/,https://gccpiwars.wordpress.com/posts/2018/04/15/straight-run-challenge.html
https://gccpiwars.wordpress.com/2018/04/19/and-finally-the-magic-maze/,https://gccpiwars.wordpress.com/posts/2018/04/19/and-finally-the-magic-maze.html
https://gccpiwars.wordpress.com/2018/04/20/final-word-before-the-competition/,https://gccpiwars.wordpress.com/posts/2018/04/20/final-word-before-the-competition.html
https://gccpiwars.wordpress.com/tag/gcc-piwars-controller-gamecontroller-pyros-pyros-tcp-mqtt,/categories/gcc-piwars-controller-gamecontroller-pyros-pyros-tcp-mqtt/
https://gccpiwars.wordpress.com/tag/draft,/categories/draft/
https://gccpiwars.wordpress.com/tag/gcc-piwars-camera-pinoon,/categories/gcc-piwars-camera-pinoon/
https://gccpiwars.wordpress.com/tag/gcc-rover-piwars-prototyping,/categories/gcc-rover-piwars-prototyping/
https://gccpiwars.wordpress.com/tag/gcc-rover-specs-piwars,/categories/gcc-rover-specs-piwars/
https://gccpiwars.wordpress.com/tag/gcc-piwars-opensource,/categories/gcc-piwars-opensource/
https://gccpiwars.wordpress.com/tag/primary,/categories/primary/
https://gccpiwars.wordpress.com/tag/gcc-piwars-batteries,/categories/gcc-piwars-batteries/
https://gccpiwars.wordpress.com/tag/social-media,/categories/social-media/
https://gccpiwars.wordpress.com/tag/gcc-piwars-meeting,/categories/gcc-piwars-meeting/
